date,title
5 Oct 2017,Crafting some of the most sophisticated custom reading and writing experiences on the web.
30 Nov 2017,Why to-do lists often stink and how do the truly successful people maintain their productivity?
29 Jan 2018,Three tricky yet simple things that will surely keep you a demanded professional in the modern business world.
25 Feb 2018,Three practical tips to instantly improve your sales interactions.
22 Dec 2017,"Taking better control of the sales cycle and avoiding the ""buyer-seller dance"" - Using the upfront contract."
28 Apr 2018,How to conduct outbound sales when quick results are expected?
30 Mar 2018,"Internet Companies Hall of Fame (Part I): 7
companies that set an example for doing online business."
19 May 2018,Careers of the past versus careers of the future
24 Jun 2018,Hiring your first freelancer: Things to take into account & best practices.
31 Jul 2018,Summer reading 2018.
28 Aug 2018,Behind the approach that helped the Kyr√∂ Distillery Company become a well-known international brand.
29 Sep 2018,Asking the golden question and presenting your complex offering.
24 Feb 2019,Don't trust an RFP without asking this important question from yourself first.
24 Oct 2018,How to be successful when starting in a new sales position?
1 Feb 2020,My story about getting the Salesforce administrator certification
29 Feb 2020,8 principles to help you stay mentally balanced and happy
,What is the LBS all about?
,Playbooks
26 Apr 2020,"Writing effective follow up emails, examples included"
11 May 2020,About sales qualification frameworks
